INSERT INTO GICS ("ind_id","ind_title","level","description","parent_id") 
VALUES (101010,'Energy Equipment & Services','beginner','Entergy',1010);
INSERT INTO GICS ("ind_id","ind_title","level","description","parent_id") 
VALUES (101020,'Oil, Gas & Consumable Fuels','medium','Entergy',1010);
INSERT INTO GICS ("ind_id","ind_title","level","description","parent_id") 
VALUES (151010,'Chemicals','advanced','Materials',1510);
INSERT INTO GICS ("ind_id","ind_title","level","description","parent_id") 
VALUES (151020,'Construction Materials','beginner','Materials',1510);
INSERT INTO GICS ("ind_id","ind_title","level","description","parent_id") 
VALUES (151030,'Containers & Packaging','medium','Materials',1510);
INSERT INTO GICS ("ind_id","ind_title","level","description","parent_id") 
VALUES (151040,'Metals & Mining','advanced','Materials',1510);
INSERT INTO GICS ("ind_id","ind_title","level","description","parent_id") 
VALUES (151050,'Paper & Forest Products','beginner','Materials',1510);
INSERT INTO GICS ("ind_id","ind_title","level","description","parent_id") 
VALUES (201010,'Aerospace & Defense','medium','Capital Goods',2010);
INSERT INTO GICS ("ind_id","ind_title","level","description","parent_id") 
VALUES (201020,'Building Products','advanced','Capital Goods',2010);
INSERT INTO GICS ("ind_id","ind_title","level","description","parent_id") 
VALUES (201030,'Construction & Engineering','beginner','Capital Goods',2010);


INSERT INTO GICS ("ind_id","ind_title","level","description","parent_id") 
VALUES (201040,'Electrical Equipment','medium','Capital Goods',2010);
INSERT INTO GICS ("ind_id","ind_title","level","description","parent_id") 
VALUES (201050,'Industrial Conglomerates','advanced','Capital Goods',2010);
INSERT INTO GICS ("ind_id","ind_title","level","description","parent_id") 
VALUES (201060,'Machinery','beginner','Capital Goods',2010);
INSERT INTO GICS ("ind_id","ind_title","level","description","parent_id") 
VALUES (202010,'Commercial Services & Supplies','advanced','Commercial  & Professional Services',2020);
INSERT INTO GICS ("ind_id","ind_title","level","description","parent_id") 
VALUES (202020,'Professional Services','beginner','Commercial  & Professional Services',2020);
INSERT INTO GICS ("ind_id","ind_title","level","description","parent_id") 
VALUES (203010,'Air Freight & Logistics','medium','Transportation',2030);
INSERT INTO GICS ("ind_id","ind_title","level","description","parent_id") 
VALUES (203020,'Airlines','advanced','Transportation',2030);
INSERT INTO GICS ("ind_id","ind_title","level","description","parent_id") 
VALUES (203030,'Marine','beginner','Transportation',2030);
INSERT INTO GICS ("ind_id","ind_title","level","description","parent_id") 
VALUES (203040,'Road & Rail','medium','Transportation',2030);
INSERT INTO GICS ("ind_id","ind_title","level","description","parent_id") 
VALUES (203050,'Transportation Infrastructure','beginner','Transportation',2030);


INSERT INTO GICS ("ind_id","ind_title","level","description","parent_id") 
VALUES (201070,'Trading Companies','medium','Capital Goods',2010);
INSERT INTO GICS ("ind_id","ind_title","level","description","parent_id") 
VALUES (251010,'Auto Components','medium','Automobiles & Components',2510);
INSERT INTO GICS ("ind_id","ind_title","level","description","parent_id") 
VALUES (251020,'Automobiles','advanced','Automobiles & Components',2510);
INSERT INTO GICS ("ind_id","ind_title","level","description","parent_id") 
VALUES (252010,'Household Durables','beginner','Consumer Durables & Apparel',2510);
INSERT INTO GICS ("ind_id","ind_title","level","description","parent_id") 
VALUES (252020,'Leisure Products','medium','Consumer Durables & Apparel',2520);
INSERT INTO GICS ("ind_id","ind_title","level","description","parent_id") 
VALUES (253010,'Hotels, Restaurants & Leisure','beginner','Consumer Services',2530);
INSERT INTO GICS ("ind_id","ind_title","level","description","parent_id") 
VALUES (253020,'Diversified Consumer Services','medium','Consumer Services',2530);
INSERT INTO GICS ("ind_id","ind_title","level","description","parent_id") 
VALUES (255010,'Distributors','advanced','Retailing',2550);
INSERT INTO GICS ("ind_id","ind_title","level","description","parent_id") 
VALUES (255030,'Multiline Retail','medium','Retailing',2550);
INSERT INTO GICS ("ind_id","ind_title","level","description","parent_id") 
VALUES (255040,'Specialty Retail','advanced','Retailing',2550);


INSERT INTO GICS ("ind_id","ind_title","level","description","parent_id") 
VALUES (301010,'Food & Staples Retailing','beginner','Food & Staples Retailing',3010);
INSERT INTO GICS ("ind_id","ind_title","level","description","parent_id") 
VALUES (302010,'Beverages','medium','Food, Beverage & Tobacco',3020);
INSERT INTO GICS ("ind_id","ind_title","level","description","parent_id") 
VALUES (302020,'Food Products','advanced','Food, Beverage & Tobacco',3020);
INSERT INTO GICS ("ind_id","ind_title","level","description","parent_id") 
VALUES (252030,'Textiles, Apparel ','advanced','Consumer Durables & Apparel',2520);
INSERT INTO GICS ("ind_id","ind_title","level","description","parent_id") 
VALUES (255020,'Internet ','beginner','Retailing',2550);
INSERT INTO GICS ("ind_id","ind_title","level","description","parent_id") 
VALUES (302030,'Tobacco','beginner','Food, Beverage & Tobacco',3020);
INSERT INTO GICS ("ind_id","ind_title","level","description","parent_id") 
VALUES (303010,'Household Products','medium','Household & Personal Products',3030);
INSERT INTO GICS ("ind_id","ind_title","level","description","parent_id") 
VALUES (303020,'Personal Products','advanced','Household & Personal Products',3030);
INSERT INTO GICS ("ind_id","ind_title","level","description","parent_id") 
VALUES (351030,'Health Care Technology','beginner','Health Care Equipment & Services',3510);
INSERT INTO GICS ("ind_id","ind_title","level","description","parent_id") 
VALUES (352010,'Biotechnology','medium','Pharmaceuticals, Biotechnology & Life Sciences',3520);


INSERT INTO GICS ("ind_id","ind_title","level","description","parent_id") 
VALUES (352020,'Pharmaceuticals','advanced','Pharmaceuticals, Biotechnology & Life Sciences',3520);
INSERT INTO GICS ("ind_id","ind_title","level","description","parent_id") 
VALUES (352030,'Life Sciences Tools & Services','beginner','Pharmaceuticals, Biotechnology & Life Sciences',3520);
INSERT INTO GICS ("ind_id","ind_title","level","description","parent_id") 
VALUES (351010,'Health Care Equipments','beginner','Health Care Equipment & Services',3510);
INSERT INTO GICS ("ind_id","ind_title","level","description","parent_id") 
VALUES (351020,'Health Care ','medium','Health Care Equipment & Services',3510);
INSERT INTO GICS ("ind_id","ind_title","level","description","parent_id") 
VALUES (401010,'Banks','medium','Banks',4040);
INSERT INTO GICS ("ind_id","ind_title","level","description","parent_id") 
VALUES (401020,'Thrifts & Mortgage Finance','advanced','Banks',4010);
INSERT INTO GICS ("ind_id","ind_title","level","description","parent_id") 
VALUES (402010,'Diversified Financial Services','beginner','Diversified Financials',4020);
INSERT INTO GICS ("ind_id","ind_title","level","description","parent_id") 
VALUES (402020,'Consumer Finance','medium','Diversified Financials',4020);
INSERT INTO GICS ("ind_id","ind_title","level","description","parent_id") 
VALUES (402030,'Capital Markets','advanced','Diversified Financials',4020);
INSERT INTO GICS ("ind_id","ind_title","level","description","parent_id") 
VALUES (403010,'Insurance','medium','Insurance',4030);


INSERT INTO GICS ("ind_id","ind_title","level","description","parent_id") 
VALUES (451020,'IT Services','beginner','Software & Services',4510);
INSERT INTO GICS ("ind_id","ind_title","level","description","parent_id") 
VALUES (451030,'Software','medium','Software & Services',4510);
INSERT INTO GICS ("ind_id","ind_title","level","description","parent_id") 
VALUES (452010,'Communications Equipment','advanced','Technology Hardware & Equipment',4520);
INSERT INTO GICS ("ind_id","ind_title","level","description","parent_id") 
VALUES (551010,'Electric Utilities','advanced','Utilities',5510);
INSERT INTO GICS ("ind_id","ind_title","level","description","parent_id") 
VALUES (551020,'Gas Utilities','beginner','Utilities',5510);
INSERT INTO GICS ("ind_id","ind_title","level","description","parent_id") 
VALUES (551030,'Multi-Utilities','medium','Utilities',5510);
INSERT INTO GICS ("ind_id","ind_title","level","description","parent_id") 
VALUES (551040,'Water Utilities','advanced','Utilities',5510);
INSERT INTO GICS ("ind_id","ind_title","level","description","parent_id") 
VALUES (551050,'Independent Power ','beginner','Utilities',5510);
INSERT INTO GICS ("ind_id","ind_title","level","description","parent_id") 
VALUES (452020,'Technology Hardware','beginner','Technology Hardware & Equipment',4520);
INSERT INTO GICS ("ind_id","ind_title","level","description","parent_id") 
VALUES (452030,'Electronic Equipment,','medium','Technology Hardware & Equipment',4520);


INSERT INTO GICS ("ind_id","ind_title","level","description","parent_id") 
VALUES (453010,'Semiconductors','advanced','Semiconductors',4530);
INSERT INTO GICS ("ind_id","ind_title","level","description","parent_id") 
VALUES (501010,'Diversified','beginner','Integrated Telecommunication Services',5010);
INSERT INTO GICS ("ind_id","ind_title","level","description","parent_id") 
VALUES (501020,'Wireless Telecommunication','medium','Integrated Telecommunication Services',5010);
INSERT INTO GICS ("ind_id","ind_title","level","description","parent_id") 
VALUES (601010,'Equity Real Estate Investment','medium','Real Estate Development ',6010);


INSERT INTO "Company" ("comp_id","address","zip_code","industry_group","website","name") 
VALUES (10104,'200 Henry Clay Avenue',70118,201020,'https://www.chnola.org','Children''s Hospital New Orleans');
INSERT INTO "Company" ("comp_id","address","zip_code","industry_group","website","name") 
VALUES (10103,'11207 Proverbs Avenue',70816,101010,'http://www.sparkhound.com','Sparkhound');
INSERT INTO "Company" ("comp_id","address","zip_code","industry_group","website","name") 
VALUES (10102,'601 Loyola Ave',70113,201020,'https://www.hyatt.com','Hyatt');
INSERT INTO "Company" ("comp_id","address","zip_code","industry_group","website","name") 
VALUES (10101,'3813 N Causeway Blvd',70002,101010,'https://antaresnet.com','Antares Technology');
INSERT INTO "Company" ("comp_id","address","zip_code","industry_group","website","name") 
VALUES (10100,'538 Cajundome Blvd',70506,101010,'https://www.apple.com','Apple');
INSERT INTO "Company" ("comp_id","address","zip_code","industry_group","website","name") 
VALUES (10011,'1747  Margie  Street  Margie , MN.',56658,101010,'http://www.exxon.com','exxon');
INSERT INTO "Company" ("comp_id","address","zip_code","industry_group","website","name") 
VALUES (10021,'735  Glidden  Street  Glidden , TX.',78943,151020,'https://www.homedepot.com','homedepot');
INSERT INTO "Company" ("comp_id","address","zip_code","industry_group","website","name") 
VALUES (10051,'1066  Jarreau  Street  Jarreau , LA.',70749,203010,'https://www.fedex.com','fedex');
INSERT INTO "Company" ("comp_id","address","zip_code","industry_group","website","name") 
VALUES (10061,'1498  Wichita  Street  Wichita , KS.',67214,255010,'https://www.fordauto.com','fordauto');
INSERT INTO "Company" ("comp_id","address","zip_code","industry_group","website","name") 
VALUES (10071,'518  Meno  Street  Meno , OK.',73760,303010,'https://www.pandg.com','pandg');


INSERT INTO "Company" ("comp_id","address","zip_code","industry_group","website","name") 
VALUES (10081,'1206  Oriskany  Street  Oriskany , NY.',13424,301010,'https://www.walmart.com','walmart');
INSERT INTO "Company" ("comp_id","address","zip_code","industry_group","website","name") 
VALUES (10031,'1766  Saranac Lake , NY.',12983,451020,'https://www.westar.com','westar');
INSERT INTO "Company" ("comp_id","address","zip_code","industry_group","website","name") 
VALUES (10111,'1229  Racine  Street  Racine , WI.',53490,303020,'https://www.reynolds.com','reynolds');
INSERT INTO "Company" ("comp_id","address","zip_code","industry_group","website","name") 
VALUES (10121,'527  Atqasuk  Street  Atqasuk , AK.',99791,352010,'https://www.clorox.com','clorox');
INSERT INTO "Company" ("comp_id","address","zip_code","industry_group","website","name") 
VALUES (10151,'1817  Mapleton  Street  Mapleton , OR.',97453,401010,'https://www.chase.com','chase');
INSERT INTO "Company" ("comp_id","address","zip_code","industry_group","website","name") 
VALUES (10161,'1297  Biloxi  Street  Biloxi , MS.',39532,402030,'https://www.morganstanley.com','morganstanley');
INSERT INTO "Company" ("comp_id","address","zip_code","industry_group","website","name") 
VALUES (10181,'956  Detroit  Street  Detroit , MI.',48278,451030,'https://www.microsoft.com','microsoft');
INSERT INTO "Company" ("comp_id","address","zip_code","industry_group","website","name") 
VALUES (10184,'510  Mc Grath  Street  Mc Grath , AK.',99627,402010,'https://www.ubs.com','ups');
INSERT INTO "Company" ("comp_id","address","zip_code","industry_group","website","name") 
VALUES (10201,'936  Alma  Street  Alma , MI.',48801,551010,'https://www.entergy.com','entergy');
INSERT INTO "Company" ("comp_id","address","zip_code","industry_group","website","name") 
VALUES (10141,'1600  Independence  Streee , CA.',93526,352020,'https://www.phizer.com','phizer');


INSERT INTO "Company" ("comp_id","address","zip_code","industry_group","website","name") 
VALUES (10171,'1561  Carol Stream , IL.',60351,403010,'https://www.prudential.com','prudential');


INSERT INTO "Course" ("c_code","title","lvl","description","status","retail_price") 
VALUES (4661,'Mobile Application Development','advanced','Development of program applications for a current widely available mobile platform. Key concepts of applications programming for a mobile platform including the UI system, activity lifecycle, sensors, networking, threading, and application compatibility','expired',100);
INSERT INTO "Course" ("c_code","title","lvl","description","status","retail_price") 
VALUES (2125,'Data Structures','medium','Emphasis on the design and implementation of structured data objects such as lists, stacks, queues, trees, and graphs; storage allocation for structured data objects','expired',100);
INSERT INTO "Course" ("c_code","title","lvl","description","status","retail_price") 
VALUES (4125,'Databases','advanced','Methods, structures, and algorithms used for the organization, representation, and manipulation of large data bases; design and implementation of data base management systems','active',100);
INSERT INTO "Course" ("c_code","title","lvl","description","status","retail_price") 
VALUES (2450,'Assembly Language Programming','medium','Assembly language programming and a survey of computer organization; structure of assemblers and loaders; introduction to operating systems.','expired',100);
INSERT INTO "Course" ("c_code","title","lvl","description","status","retail_price") 
VALUES (3301,'Computer Design and Organization','medium','Design of digital computer systems is studied from the instruction set level, system architecture level, and digital logic level.','expired',100);
INSERT INTO "Course" ("c_code","title","lvl","description","status","retail_price") 
VALUES (2467,'Systems Programming Concepts','medium','Introduction to the concepts and tools used in systems programming. Detailed examination of computer architecture and computer system services from a user point of view','expired',100);
INSERT INTO "Course" ("c_code","title","lvl","description","status","retail_price") 
VALUES (4101,'Analysis of Algorithms','advanced','Precise definition of the concept of an algorithm; techniques for algorithm verification; analyzing algorithm performance; applications to practical algorithms','active',100);
INSERT INTO "Course" ("c_code","title","lvl","description","status","retail_price") 
VALUES (2120,'Java II: Sofware Design','beginner','A continuation of Java I with emphasis on algorithmic techniques and the structuring of larger systems.','expired',100);
INSERT INTO "Course" ("c_code","title","lvl","description","status","retail_price") 
VALUES (1583,'Java I: Software Design','beginner','An introduction to software design and development using an object-oriented approach. Topics include designing, specifying, implementing, and testing elementary classes; developing simple algorithms in an object-oriented programming language.','expired',100);


INSERT INTO "Person" ("per_id","first_name","last_name","address","zip_code","email","gender","phone") 
VALUES (1342585,'Ryan','Anderson','971 Kent Rd.',48041,'ryananderson@gmail.com','Male',6607213945);
INSERT INTO "Person" ("per_id","first_name","last_name","address","zip_code","email","gender","phone") 
VALUES (8769034,'Hillary','Harris','4916 Lime Ave.',34221,'hharris24@gmail.com','Female',9952126671);
INSERT INTO "Person" ("per_id","first_name","last_name","address","zip_code","email","gender","phone") 
VALUES (2487235,'Emily','Holtz','780 Green Meadows St.',59901,'eholtz@gmail.com','Female',6399118175);
INSERT INTO "Person" ("per_id","first_name","last_name","address","zip_code","email","gender","phone") 
VALUES (5678910,'Daniel','Radcliffe','78 Hogwarts Rd.',29063,'dradcliffe@gmail.com','Male',8564758351);
INSERT INTO "Person" ("per_id","first_name","last_name","address","zip_code","email","gender","phone") 
VALUES (1234567,'Brad','Pitt','1234 Holy Grove Ave.',18901,'bpitt@gmail.com','Male',1234567890);
INSERT INTO "Person" ("per_id","first_name","last_name","address","zip_code","email","gender","phone") 
VALUES (6775091,'Lois','Walker','1682  Denver  Street  Denver , CO.',80224,'lois.walker@hotmail.com','Female',3035728492);
INSERT INTO "Person" ("per_id","first_name","last_name","address","zip_code","email","gender","phone") 
VALUES (9407611,'Brenda ','Robinson','510  Stonewall  Street  Stonewall , LA.',71078,'brenda.robinson@gmail.com','Female',2259444954);
INSERT INTO "Person" ("per_id","first_name","last_name","address","zip_code","email","gender","phone") 
VALUES (4083511,'Diane ','Evans','1802  Hydetown  Street  Hydetown , PA.',16328,'diane.evans@yahoo.com','Female',2157936791);
INSERT INTO "Person" ("per_id","first_name","last_name","address","zip_code","email","gender","phone") 
VALUES (1938192,'Benjamin','Russell','1176  Fremont  Street  Fremont , WI.',54940,'benjamin.russell@charter.net','Male',2624042252);
INSERT INTO "Person" ("per_id","first_name","last_name","address","zip_code","email","gender","phone") 
VALUES (4996872,'Patrick ','Bailey','723  Macksburg  Street  Macksburg , IA.',50155,'patrick.bailey@aol.com','Male',3198126957);


INSERT INTO "Person" ("per_id","first_name","last_name","address","zip_code","email","gender","phone") 
VALUES (5397122,'Nancy','Baker','981  Atlanta  Street  Atlanta , GA.',30334,'nancy.baker@bp.com','Female',2336511711);
INSERT INTO "Person" ("per_id","first_name","last_name","address","zip_code","email","gender","phone") 
VALUES (4776163,'Frances ','Young','1215  Delmita  Street  Delmita , TX.',78536,'frances.young@gmail.com','Female',2118199765);
INSERT INTO "Person" ("per_id","first_name","last_name","address","zip_code","email","gender","phone") 
VALUES (2314694,'Ralph ','Flores','1184  Sabetha  Street  Sabetha , KS.',66534,'ralph.flores@yahoo.com','Male',3152802864);
INSERT INTO "Person" ("per_id","first_name","last_name","address","zip_code","email","gender","phone") 
VALUES (1539894,'Jack ','Alexander','829  Las Vegas  Street  Las Vegas , NV.',89170,'jack.alexander@gmail.com','Male',7026033769);
INSERT INTO "Person" ("per_id","first_name","last_name","address","zip_code","email","gender","phone") 
VALUES (3015764,'Wayne','Watson','927  Maida  Street  Maida , ND.',58255,'wayne.watson@gmail.com','Male',7012319370);
INSERT INTO "Person" ("per_id","first_name","last_name","address","zip_code","email","gender","phone") 
VALUES (4417715,'Cheryl ','Scott','922  Quecreek  Street  Quecreek , PA.',15555,'cheryl.scott@gmail.com','Female',2152889345);
INSERT INTO "Person" ("per_id","first_name","last_name","address","zip_code","email","gender","phone") 
VALUES (8902905,'Julia','Scott','1415  Primm Springs  Street , TN.',38476,'julia.scott@apple.com','Female',4239391010);
INSERT INTO "Person" ("per_id","first_name","last_name","address","zip_code","email","gender","phone") 
VALUES (2143525,'Theresa ','Lee','1975  Toeterville   , IA.',50481,'theresa.lee@gmail.com','Female',3195538919);
INSERT INTO "Person" ("per_id","first_name","last_name","address","zip_code","email","gender","phone") 
VALUES (9129905,'Joshua ','Stewart','1848  New Douglas   , IL.',62074,'joshua.stewart@yahoo.ca','Male',2172799342);
INSERT INTO "Person" ("per_id","first_name","last_name","address","zip_code","email","gender","phone") 
VALUES (5285095,'Paula','Diaz','1526  Beulaville, NC.',28518,'paula.diaz@gmail.com','Female',2525317641);


INSERT INTO "Person" ("per_id","first_name","last_name","address","zip_code","email","gender","phone") 
VALUES (4289451,'Joe ',' Robinson','501  Michigantown  , IN.',46057,'joe.robinson@gmail.com','Male',2199042161);
INSERT INTO "Person" ("per_id","first_name","last_name","address","zip_code","email","gender","phone") 
VALUES (3861584,'Melissa ','King','1668  New Matamoras  , OH.',45767,'melissa.king@comcast.net','Female',2166053731);


INSERT INTO "Pos" ("pos_code","title","description","pay_range_high","pay_range_low") 
VALUES ('p_an5288tyu334j91q','Python Data Engineer','Data Engineer to build data pipelines and extend the next generation of data tools.',121349,145475);
INSERT INTO "Pos" ("pos_code","title","description","pay_range_high","pay_range_low") 
VALUES ('p_an99elkja334j91q','Advanced GPU Hardware Lab Technician','As an Advanced GPU Hardware Development Lab Tech, you will assist in the deployment of lab infrastructure, lab networking, lab systems, SW tools, prototype systems set ups...',95000,75000);
INSERT INTO "Pos" ("pos_code","title","description","pay_range_high","pay_range_low") 
VALUES ('p_ana33m55jj22j671','Mid-Level .NET Developer','Perform work within allotted hourly budgets and within specific timeframes and assist with Requirements analysis.',107139,89122);
INSERT INTO "Pos" ("pos_code","title","description","pay_range_high","pay_range_low") 
VALUES ('p_ana33m55fg7juo11','Manager - Digital Implementation','The Manager, Digital Implementation role will work closely with the Director, Digital Implementation and Support to manage a team of Implementation Specialists who support client engagement projects.',125000,105000);
INSERT INTO "Pos" ("pos_code","title","description","pay_range_high","pay_range_low") 
VALUES ('p_ana33m48i4e3yt11','Senior Application Architect','The Senior Application Architect designs and develops IT applications architecture solutions to business problems in alignment with the enterprise architecture direction and standards.',140000,100000);
INSERT INTO "Pos" ("pos_code","title","description","pay_range_high","pay_range_low") 
VALUES ('p_a1llj78ji4e3yt11','Sr. Software Developer','Assisting with the development of scope documents and budgets for new work and perform work within allotted hourly budgets and within specific timeframes',121462,105686);
INSERT INTO "Pos" ("pos_code","title","description","pay_range_high","pay_range_low") 
VALUES ('p_a1f774ppi4e3yt11','IT Customer Service Administrator','Perform Information Technology support to locations across the globe for federal government customer.',45000,40000);
INSERT INTO "Pos" ("pos_code","title","description","pay_range_high","pay_range_low") 
VALUES ('p_a1f774cde1buyt11','Peoplesoft Developer','Function as advisors to developers and will develop HCM 9.2 pages, components, queries, interfaces as required per the PWS task list.',117819,94173);
INSERT INTO "Pos" ("pos_code","title","description","pay_range_high","pay_range_low") 
VALUES ('p_a1b554cde1234f77','Customer Support Engineer','In this role you will perform installations, repairs, and maintenance of complex scientific and analytical instrumentation.',92000,49000);
INSERT INTO "Pos" ("pos_code","title","description","pay_range_high","pay_range_low") 
VALUES ('p_an99ew25jj22j671','Sr. Data Analyst','Works with cross-functional teams and various stakeholders, including analytics,  engineering, and reporting/ business teams.',108025,83079);


INSERT INTO "Job" ("job_code","emp_mode","pay_rate","pay_type","pos_code","comp_id") 
VALUES ('sun999_3','full-time',110000,'salary','p_a1llj78ji4e3yt11',10104);
INSERT INTO "Job" ("job_code","emp_mode","pay_rate","pay_type","pos_code","comp_id") 
VALUES ('ali727_2','full-time',60000,'salary','p_a1b554cde1234f77',10103);
INSERT INTO "Job" ("job_code","emp_mode","pay_rate","pay_type","pos_code","comp_id") 
VALUES ('zyx654_1','part-time',40,'wage','p_an99ew25jj22j671',10102);
INSERT INTO "Job" ("job_code","emp_mode","pay_rate","pay_type","pos_code","comp_id") 
VALUES ('abc456_0','part-time',45,'wage','p_a1f774cde1buyt11',10101);
INSERT INTO "Job" ("job_code","emp_mode","pay_rate","pay_type","pos_code","comp_id") 
VALUES ('fan444_4','full-time',130000,'salary','p_ana33m48i4e3yt11',10100);
INSERT INTO "Job" ("job_code","emp_mode","pay_rate","pay_type","pos_code","comp_id") 
VALUES ('zzz663_5','full-time',125000,'salary','p_an99ew25jj22j671',10100);
INSERT INTO "Job" ("job_code","emp_mode","pay_rate","pay_type","pos_code","comp_id") 
VALUES ('jjm555_1','full-time',95000,'salary','p_an99ew25jj22j671',10100);


INSERT INTO COMP_SUB_INDUS ("comp_id","ind_id") 
VALUES (10011,101010);
INSERT INTO COMP_SUB_INDUS ("comp_id","ind_id") 
VALUES (10021,151020);
INSERT INTO COMP_SUB_INDUS ("comp_id","ind_id") 
VALUES (10031,151040);
INSERT INTO COMP_SUB_INDUS ("comp_id","ind_id") 
VALUES (10051,203020);
INSERT INTO COMP_SUB_INDUS ("comp_id","ind_id") 
VALUES (10061,251010);
INSERT INTO COMP_SUB_INDUS ("comp_id","ind_id") 
VALUES (10071,252030);
INSERT INTO COMP_SUB_INDUS ("comp_id","ind_id") 
VALUES (10081,255040);
INSERT INTO COMP_SUB_INDUS ("comp_id","ind_id") 
VALUES (10100,201060);
INSERT INTO COMP_SUB_INDUS ("comp_id","ind_id") 
VALUES (10101,151040);
INSERT INTO COMP_SUB_INDUS ("comp_id","ind_id") 
VALUES (10101,201040);
INSERT INTO COMP_SUB_INDUS ("comp_id","ind_id") 
VALUES (10101,301010);
INSERT INTO COMP_SUB_INDUS ("comp_id","ind_id") 
VALUES (10102,201020);
INSERT INTO COMP_SUB_INDUS ("comp_id","ind_id") 
VALUES (10103,101020);
INSERT INTO COMP_SUB_INDUS ("comp_id","ind_id") 
VALUES (10103,151050);
INSERT INTO COMP_SUB_INDUS ("comp_id","ind_id") 
VALUES (10104,101010);
INSERT INTO COMP_SUB_INDUS ("comp_id","ind_id") 
VALUES (10104,151010);
INSERT INTO COMP_SUB_INDUS ("comp_id","ind_id") 
VALUES (10111,302030);
INSERT INTO COMP_SUB_INDUS ("comp_id","ind_id") 
VALUES (10121,252010);
INSERT INTO COMP_SUB_INDUS ("comp_id","ind_id") 
VALUES (10141,352020);
INSERT INTO COMP_SUB_INDUS ("comp_id","ind_id") 
VALUES (10151,401010);
INSERT INTO COMP_SUB_INDUS ("comp_id","ind_id") 
VALUES (10161,402010);
INSERT INTO COMP_SUB_INDUS ("comp_id","ind_id") 
VALUES (10171,403010);
INSERT INTO COMP_SUB_INDUS ("comp_id","ind_id") 
VALUES (10181,451030);
INSERT INTO COMP_SUB_INDUS ("comp_id","ind_id") 
VALUES (10184,452020);
INSERT INTO COMP_SUB_INDUS ("comp_id","ind_id") 
VALUES (10201,551040);

INSERT INTO "Sections" ("c_code","sec_no","complete_date","the_year","offered_by","format","price") 
VALUES (4661,601,'May 14, 2021',2021,'Samuel','classroom',100);
INSERT INTO "Sections" ("c_code","sec_no","complete_date","the_year","offered_by","format","price") 
VALUES (2125,601,'May 11, 2018',2018,'Summa','classroom',100);
INSERT INTO "Sections" ("c_code","sec_no","complete_date","the_year","offered_by","format","price") 
VALUES (4125,1,'December 4, 2020',2020,'Zibran','online-sync',100);
INSERT INTO "Sections" ("c_code","sec_no","complete_date","the_year","offered_by","format","price") 
VALUES (2450,1,'December 12, 2019',2019,'Arifuzzaman','classroom',100);
INSERT INTO "Sections" ("c_code","sec_no","complete_date","the_year","offered_by","format","price") 
VALUES (3301,1,'December 12, 2019',2019,'Hoque','classroom',100);
INSERT INTO "Sections" ("c_code","sec_no","complete_date","the_year","offered_by","format","price") 
VALUES (2467,1,'May 11, 2020',2020,'Toups','online-sync',100);
INSERT INTO "Sections" ("c_code","sec_no","complete_date","the_year","offered_by","format","price") 
VALUES (4101,1,'December 4, 2020',2020,'Depano','online-sync',100);
INSERT INTO "Sections" ("c_code","sec_no","complete_date","the_year","offered_by","format","price") 
VALUES (2120,601,'December 7, 2018',2018,'Summa','classroom',100);
INSERT INTO "Sections" ("c_code","sec_no","complete_date","the_year","offered_by","format","price") 
VALUES (1583,1,'May 11, 2018',2018,'Summa','classroom',100);


INSERT INTO "Skill" ("sk_code","title","description","lvl") 
VALUES (30,'SQL Server','Database servers in DBeaver','medium');
INSERT INTO "Skill" ("sk_code","title","description","lvl") 
VALUES (29,'Objective C','general-purpose, object-oriented programming language','advanced');
INSERT INTO "Skill" ("sk_code","title","description","lvl") 
VALUES (28,'Visual Basic',' programming environment from Microsoft.','beginner');
INSERT INTO "Skill" ("sk_code","title","description","lvl") 
VALUES (27,'.Net Programming','Open source developer platform for building many different types of applications.','medium');
INSERT INTO "Skill" ("sk_code","title","description","lvl") 
VALUES (26,'Python','Interpreted, high-level, general-purpose programming language','beginner');
INSERT INTO "Skill" ("sk_code","title","description","lvl") 
VALUES (25,'Object-Oriented Programming','Refers to a type of computer programming (software design) in which programmers define not only the data type of a data structure, but also the types of operations (functions) that can be applied to the data structure.','advanced');
INSERT INTO "Skill" ("sk_code","title","description","lvl") 
VALUES (24,'Extensible Markup Language (XML)','Markup language that defines a set of rules for encoding documents in a format that is both human-readable and machine-readable.','medium');
INSERT INTO "Skill" ("sk_code","title","description","lvl") 
VALUES (21,'Adobe Photoshop','An image editing software.','advanced');
INSERT INTO "Skill" ("sk_code","title","description","lvl") 
VALUES (20,'Android Software Development Kit (SDK)','Set of tools used to develop applications for Android.','beginner');
INSERT INTO "Skill" ("sk_code","title","description","lvl") 
VALUES (19,'Eclipse','Integrated development environment (IDE) used in computer programming, and is the most widely used Java IDE','advanced');


INSERT INTO "Skill" ("sk_code","title","description","lvl") 
VALUES (18,'JSON','Readable format for structuring data.','medium');
INSERT INTO "Skill" ("sk_code","title","description","lvl") 
VALUES (17,'Mobile Application Design','Apply UI and UX Designs to mobile interfaces.','beginner');
INSERT INTO "Skill" ("sk_code","title","description","lvl") 
VALUES (16,'Node.js','Environment that enables JavaScript user to delpy the language for server-side scripting','beginner');
INSERT INTO "Skill" ("sk_code","title","description","lvl") 
VALUES (15,'Oracle','Relational Database management system','advanced');
INSERT INTO "Skill" ("sk_code","title","description","lvl") 
VALUES (14,'Ruby on Rails','Language that combines Ruby with HTML, CSS, and JavaScript.','beginner');
INSERT INTO "Skill" ("sk_code","title","description","lvl") 
VALUES (13,'Ruby','High level programming language.','beginner');
INSERT INTO "Skill" ("sk_code","title","description","lvl") 
VALUES (12,'SQL','Computer language for relational database management','medium');
INSERT INTO "Skill" ("sk_code","title","description","lvl") 
VALUES (11,'User Interface (UI) Design','The visual elements of a product.','medium');
INSERT INTO "Skill" ("sk_code","title","description","lvl") 
VALUES (10,'Usability Testing','Testing program or product in ther perspective of a potential user.','advanced');
INSERT INTO "Skill" ("sk_code","title","description","lvl") 
VALUES (9,'UNIX','Multi-user operating system written in C language','medium');


INSERT INTO "Skill" ("sk_code","title","description","lvl") 
VALUES (8,'Visual Studio','Microsoft integrated development environment to develop computer programs, websites, and web apps.','medium');
INSERT INTO "Skill" ("sk_code","title","description","lvl") 
VALUES (7,'jQuery','A javascript library used to simplify event handling','advanced');
INSERT INTO "Skill" ("sk_code","title","description","lvl") 
VALUES (6,'JavaScript','Computer programming languages used to code the client interaction aspect of web pages','medium');
INSERT INTO "Skill" ("sk_code","title","description","lvl") 
VALUES (5,'Java','Object-oriented programming language','advanced');
INSERT INTO "Skill" ("sk_code","title","description","lvl") 
VALUES (4,'Git','System that tracks updates in code during software development','advanced');
INSERT INTO "Skill" ("sk_code","title","description","lvl") 
VALUES (3,'CSS','Language used to describe the format ','medium');
INSERT INTO "Skill" ("sk_code","title","description","lvl") 
VALUES (2,'AngularJS','Framework for web applications','medium');
INSERT INTO "Skill" ("sk_code","title","description","lvl") 
VALUES (1,'C++','Object-oriented programming language','advanced');


INSERT INTO "Has_Skill" ("per_id","sk_code") 
VALUES (1234567,1);
INSERT INTO "Has_Skill" ("per_id","sk_code") 
VALUES (1234567,2);
INSERT INTO "Has_Skill" ("per_id","sk_code") 
VALUES (1234567,3);
INSERT INTO "Has_Skill" ("per_id","sk_code") 
VALUES (1234567,4);
INSERT INTO "Has_Skill" ("per_id","sk_code") 
VALUES (1234567,5);
INSERT INTO "Has_Skill" ("per_id","sk_code") 
VALUES (1234567,10);
INSERT INTO "Has_Skill" ("per_id","sk_code") 
VALUES (1234567,11);
INSERT INTO "Has_Skill" ("per_id","sk_code") 
VALUES (1234567,12);
INSERT INTO "Has_Skill" ("per_id","sk_code") 
VALUES (1234567,13);
INSERT INTO "Has_Skill" ("per_id","sk_code") 
VALUES (1234567,14);


INSERT INTO "Has_Skill" ("per_id","sk_code") 
VALUES (1234567,19);
INSERT INTO "Has_Skill" ("per_id","sk_code") 
VALUES (1234567,21);
INSERT INTO "Has_Skill" ("per_id","sk_code") 
VALUES (1234567,25);
INSERT INTO "Has_Skill" ("per_id","sk_code") 
VALUES (1234567,27);
INSERT INTO "Has_Skill" ("per_id","sk_code") 
VALUES (1234567,28);
INSERT INTO "Has_Skill" ("per_id","sk_code") 
VALUES (1234567,29);
INSERT INTO "Has_Skill" ("per_id","sk_code") 
VALUES (1234567,30);
INSERT INTO "Has_Skill" ("per_id","sk_code") 
VALUES (1342585,3);
INSERT INTO "Has_Skill" ("per_id","sk_code") 
VALUES (1342585,4);
INSERT INTO "Has_Skill" ("per_id","sk_code") 
VALUES (1342585,11);


INSERT INTO "Has_Skill" ("per_id","sk_code") 
VALUES (1342585,12);
INSERT INTO "Has_Skill" ("per_id","sk_code") 
VALUES (2487235,2);
INSERT INTO "Has_Skill" ("per_id","sk_code") 
VALUES (2487235,7);
INSERT INTO "Has_Skill" ("per_id","sk_code") 
VALUES (2487235,18);
INSERT INTO "Has_Skill" ("per_id","sk_code") 
VALUES (2487235,27);
INSERT INTO "Has_Skill" ("per_id","sk_code") 
VALUES (5678910,8);
INSERT INTO "Has_Skill" ("per_id","sk_code") 
VALUES (5678910,9);
INSERT INTO "Has_Skill" ("per_id","sk_code") 
VALUES (5678910,25);
INSERT INTO "Has_Skill" ("per_id","sk_code") 
VALUES (8769034,5);
INSERT INTO "Has_Skill" ("per_id","sk_code") 
VALUES (8769034,29);

INSERT INTO "Has_Skill" ("per_id","sk_code") 
VALUES (4417715,12);
INSERT INTO "Has_Skill" ("per_id","sk_code") 
VALUES (4417715,18);
INSERT INTO "Has_Skill" ("per_id","sk_code") 
VALUES (4417715,27);
INSERT INTO "Has_Skill" ("per_id","sk_code") 
VALUES (9129905,12);
INSERT INTO "Has_Skill" ("per_id","sk_code") 
VALUES (9129905,18);
INSERT INTO "Has_Skill" ("per_id","sk_code") 
VALUES (9129905,27);


INSERT INTO "Prerequisite" ("c_id","pre_id") 
VALUES (2120,1583);
INSERT INTO "Prerequisite" ("c_id","pre_id") 
VALUES (2125,2120);
INSERT INTO "Prerequisite" ("c_id","pre_id") 
VALUES (2450,1583);
INSERT INTO "Prerequisite" ("c_id","pre_id") 
VALUES (2467,2450);
INSERT INTO "Prerequisite" ("c_id","pre_id") 
VALUES (3301,2450);
INSERT INTO "Prerequisite" ("c_id","pre_id") 
VALUES (4101,2125);
INSERT INTO "Prerequisite" ("c_id","pre_id") 
VALUES (4125,2125);
INSERT INTO "Prerequisite" ("c_id","pre_id") 
VALUES (4661,2125);


INSERT INTO TAKES ("per_id","c_code","sec_no","the_year") 
VALUES (1234567,2125,601,2018);
INSERT INTO TAKES ("per_id","c_code","sec_no","the_year") 
VALUES (1342585,1583,1,2018);
INSERT INTO TAKES ("per_id","c_code","sec_no","the_year") 
VALUES (1342585,2467,1,2020);
INSERT INTO TAKES ("per_id","c_code","sec_no","the_year") 
VALUES (1342585,4125,1,2020);
INSERT INTO TAKES ("per_id","c_code","sec_no","the_year") 
VALUES (2487235,2125,601,2018);
INSERT INTO TAKES ("per_id","c_code","sec_no","the_year") 
VALUES (2487235,2450,1,2019);
INSERT INTO TAKES ("per_id","c_code","sec_no","the_year") 
VALUES (2487235,4125,1,2020);
INSERT INTO TAKES ("per_id","c_code","sec_no","the_year") 
VALUES (5678910,2125,601,2018);
INSERT INTO TAKES ("per_id","c_code","sec_no","the_year") 
VALUES (5678910,2450,1,2019);
INSERT INTO TAKES ("per_id","c_code","sec_no","the_year") 
VALUES (5678910,2467,1,2020);


INSERT INTO TAKES ("per_id","c_code","sec_no","the_year") 
VALUES (8769034,1583,1,2018);
INSERT INTO TAKES ("per_id","c_code","sec_no","the_year") 
VALUES (8769034,3301,1,2019);



INSERT INTO "req_by_job" ("job_code","sk_code") 
VALUES ('abc456_0',21);
INSERT INTO "req_by_job" ("job_code","sk_code") 
VALUES ('abc456_0',25);
INSERT INTO "req_by_job" ("job_code","sk_code") 
VALUES ('ali727_2',2);
INSERT INTO "req_by_job" ("job_code","sk_code") 
VALUES ('ali727_2',7);
INSERT INTO "req_by_job" ("job_code","sk_code") 
VALUES ('ali727_2',18);
INSERT INTO "req_by_job" ("job_code","sk_code") 
VALUES ('ali727_2',27);
INSERT INTO "req_by_job" ("job_code","sk_code") 
VALUES ('fan444_4',3);
INSERT INTO "req_by_job" ("job_code","sk_code") 
VALUES ('fan444_4',4);
INSERT INTO "req_by_job" ("job_code","sk_code") 
VALUES ('fan444_4',10);
INSERT INTO "req_by_job" ("job_code","sk_code") 
VALUES ('fan444_4',12);


INSERT INTO "req_by_job" ("job_code","sk_code") 
VALUES ('sun999_3',5);
INSERT INTO "req_by_job" ("job_code","sk_code") 
VALUES ('sun999_3',29);
INSERT INTO "req_by_job" ("job_code","sk_code") 
VALUES ('zyx654_1',8);
INSERT INTO "req_by_job" ("job_code","sk_code") 
VALUES ('zyx654_1',9);
INSERT INTO "req_by_job" ("job_code","sk_code") 
VALUES ('zyx654_1',25);


INSERT INTO "requires" ("sk_code","pos_code") 
VALUES (2,'p_an5288tyu334j91q');
INSERT INTO "requires" ("sk_code","pos_code") 
VALUES (3,'p_ana33m55jj22j671');
INSERT INTO "requires" ("sk_code","pos_code") 
VALUES (4,'p_ana33m55fg7juo11');
INSERT INTO "requires" ("sk_code","pos_code") 
VALUES (4,'p_ana33m55jj22j671');
INSERT INTO "requires" ("sk_code","pos_code") 
VALUES (5,'p_a1f774ppi4e3yt11');
INSERT INTO "requires" ("sk_code","pos_code") 
VALUES (5,'p_ana33m55fg7juo11');
INSERT INTO "requires" ("sk_code","pos_code") 
VALUES (6,'p_ana33m55fg7juo11');
INSERT INTO "requires" ("sk_code","pos_code") 
VALUES (7,'p_ana33m48i4e3yt11');
INSERT INTO "requires" ("sk_code","pos_code") 
VALUES (7,'p_ana33m55fg7juo11');
INSERT INTO "requires" ("sk_code","pos_code") 
VALUES (8,'p_an99elkja334j91q');


INSERT INTO "requires" ("sk_code","pos_code") 
VALUES (8,'p_ana33m48i4e3yt11');
INSERT INTO "requires" ("sk_code","pos_code") 
VALUES (9,'p_an5288tyu334j91q');
INSERT INTO "requires" ("sk_code","pos_code") 
VALUES (9,'p_ana33m48i4e3yt11');
INSERT INTO "requires" ("sk_code","pos_code") 
VALUES (10,'p_a1llj78ji4e3yt11');
INSERT INTO "requires" ("sk_code","pos_code") 
VALUES (10,'p_ana33m55jj22j671');
INSERT INTO "requires" ("sk_code","pos_code") 
VALUES (11,'p_a1llj78ji4e3yt11');
INSERT INTO "requires" ("sk_code","pos_code") 
VALUES (12,'p_a1llj78ji4e3yt11');
INSERT INTO "requires" ("sk_code","pos_code") 
VALUES (12,'p_an99ew25jj22j671');
INSERT INTO "requires" ("sk_code","pos_code") 
VALUES (12,'p_ana33m55fg7juo11');
INSERT INTO "requires" ("sk_code","pos_code") 
VALUES (16,'p_a1f774cde1buyt11');


INSERT INTO "requires" ("sk_code","pos_code") 
VALUES (17,'p_a1f774cde1buyt11');
INSERT INTO "requires" ("sk_code","pos_code") 
VALUES (18,'p_a1f774cde1buyt11');
INSERT INTO "requires" ("sk_code","pos_code") 
VALUES (18,'p_an99ew25jj22j671');
INSERT INTO "requires" ("sk_code","pos_code") 
VALUES (19,'p_a1b554cde1234f77');
INSERT INTO "requires" ("sk_code","pos_code") 
VALUES (20,'p_a1b554cde1234f77');
INSERT INTO "requires" ("sk_code","pos_code") 
VALUES (21,'p_an99elkja334j91q');
INSERT INTO "requires" ("sk_code","pos_code") 
VALUES (21,'p_ana33m55fg7juo11');
INSERT INTO "requires" ("sk_code","pos_code") 
VALUES (25,'p_an5288tyu334j91q');
INSERT INTO "requires" ("sk_code","pos_code") 
VALUES (25,'p_an99elkja334j91q');
INSERT INTO "requires" ("sk_code","pos_code") 
VALUES (27,'p_an99ew25jj22j671');


INSERT INTO "requires" ("sk_code","pos_code") 
VALUES (29,'p_a1f774ppi4e3yt11');
INSERT INTO "requires" ("sk_code","pos_code") 
VALUES (30,'p_ana33m55fg7juo11');


INSERT INTO "teaches" ("c_code","sk_code") 
VALUES (1583,4);
INSERT INTO "teaches" ("c_code","sk_code") 
VALUES (1583,5);
INSERT INTO "teaches" ("c_code","sk_code") 
VALUES (2120,5);
INSERT INTO "teaches" ("c_code","sk_code") 
VALUES (2125,5);
INSERT INTO "teaches" ("c_code","sk_code") 
VALUES (2125,6);
INSERT INTO "teaches" ("c_code","sk_code") 
VALUES (2125,7);
INSERT INTO "teaches" ("c_code","sk_code") 
VALUES (2125,25);
INSERT INTO "teaches" ("c_code","sk_code") 
VALUES (2450,8);
INSERT INTO "teaches" ("c_code","sk_code") 
VALUES (2450,19);
INSERT INTO "teaches" ("c_code","sk_code") 
VALUES (2450,27);


INSERT INTO "teaches" ("c_code","sk_code") 
VALUES (2467,1);
INSERT INTO "teaches" ("c_code","sk_code") 
VALUES (2467,9);
INSERT INTO "teaches" ("c_code","sk_code") 
VALUES (2467,10);
INSERT INTO "teaches" ("c_code","sk_code") 
VALUES (3301,24);
INSERT INTO "teaches" ("c_code","sk_code") 
VALUES (3301,28);
INSERT INTO "teaches" ("c_code","sk_code") 
VALUES (3301,29);
INSERT INTO "teaches" ("c_code","sk_code") 
VALUES (4101,13);
INSERT INTO "teaches" ("c_code","sk_code") 
VALUES (4101,14);
INSERT INTO "teaches" ("c_code","sk_code") 
VALUES (4101,26);
INSERT INTO "teaches" ("c_code","sk_code") 
VALUES (4125,12);


INSERT INTO "teaches" ("c_code","sk_code") 
VALUES (4125,30);
INSERT INTO "teaches" ("c_code","sk_code") 
VALUES (4661,2);
INSERT INTO "teaches" ("c_code","sk_code") 
VALUES (4661,3);
INSERT INTO "teaches" ("c_code","sk_code") 
VALUES (4661,17);
INSERT INTO "teaches" ("c_code","sk_code") 
VALUES (4661,18);
INSERT INTO "teaches" ("c_code","sk_code") 
VALUES (4661,20);
INSERT INTO "teaches" ("c_code","sk_code") 
VALUES (4661,21);


INSERT INTO "works" ("per_id","job_code","start_date","end_date") 
VALUES (1342585,'sun999_3',TIMESTAMP'2011-09-04 00:00:00.0',TIMESTAMP'2014-10-28 00:00:00.0');
INSERT INTO "works" ("per_id","job_code","start_date","end_date") 
VALUES (1342585,'ali727_2',TIMESTAMP'2015-01-04 00:00:00.0',TIMESTAMP'2016-10-10 00:00:00.0');
INSERT INTO "works" ("per_id","job_code","start_date","end_date") 
VALUES (1342585,'zyx654_1',TIMESTAMP'2015-01-04 00:00:00.0',TIMESTAMP'2016-10-10 00:00:00.0');
INSERT INTO "works" ("per_id","job_code","start_date","end_date") 
VALUES (2487235,'abc456_0',TIMESTAMP'2018-09-04 00:00:00.0',TIMESTAMP'2021-11-02 00:00:00.0');
INSERT INTO "works" ("per_id","job_code","start_date","end_date") 
VALUES (6775091,'sun999_3',TIMESTAMP'2017-01-01 00:00:00.0',TIMESTAMP'2018-01-01 00:00:00.0');
INSERT INTO "works" ("per_id","job_code","start_date","end_date") 
VALUES (9407611,'ali727_2',TIMESTAMP'2015-12-01 00:00:00.0',TIMESTAMP'2021-12-01 00:00:00.0');
INSERT INTO "works" ("per_id","job_code","start_date","end_date") 
VALUES (4083511,'abc456_0',TIMESTAMP'2011-08-01 00:00:00.0',TIMESTAMP'2021-08-01 00:00:00.0');
INSERT INTO "works" ("per_id","job_code","start_date","end_date") 
VALUES (4996872,'sun999_3',TIMESTAMP'2015-11-01 00:00:00.0',TIMESTAMP'2016-11-01 00:00:00.0');
INSERT INTO "works" ("per_id","job_code","start_date","end_date") 
VALUES (5397122,'ali727_2',TIMESTAMP'2015-06-01 00:00:00.0',TIMESTAMP'2021-06-01 00:00:00.0');
INSERT INTO "works" ("per_id","job_code","start_date","end_date") 
VALUES (4776163,'abc456_0',TIMESTAMP'2016-08-01 00:00:00.0',TIMESTAMP'2017-08-01 00:00:00.0');


INSERT INTO "works" ("per_id","job_code","start_date","end_date") 
VALUES (2314694,'sun999_3',TIMESTAMP'2013-01-01 00:00:00.0',TIMESTAMP'2021-01-01 00:00:00.0');
INSERT INTO "works" ("per_id","job_code","start_date","end_date") 
VALUES (1539894,'ali727_2',TIMESTAMP'2013-10-01 00:00:00.0',TIMESTAMP'2021-10-01 00:00:00.0');
INSERT INTO "works" ("per_id","job_code","start_date","end_date") 
VALUES (3015764,'abc456_0',TIMESTAMP'2010-01-01 00:00:00.0',TIMESTAMP'2011-01-01 00:00:00.0');
INSERT INTO "works" ("per_id","job_code","start_date","end_date") 
VALUES (5285095,'sun999_3',TIMESTAMP'2015-02-01 00:00:00.0',TIMESTAMP'2016-02-01 00:00:00.0');
INSERT INTO "works" ("per_id","job_code","start_date","end_date") 
VALUES (9129905,'ali727_2',TIMESTAMP'2007-07-01 00:00:00.0',TIMESTAMP'2010-07-01 00:00:00.0');
INSERT INTO "works" ("per_id","job_code","start_date","end_date") 
VALUES (2143525,'zyx654_1',TIMESTAMP'2017-09-01 00:00:00.0',TIMESTAMP'2018-09-01 00:00:00.0');
INSERT INTO "works" ("per_id","job_code","start_date","end_date") 
VALUES (8902905,'abc456_0',TIMESTAMP'2017-12-01 00:00:00.0',TIMESTAMP'2021-12-01 00:00:00.0');
INSERT INTO "works" ("per_id","job_code","start_date","end_date") 
VALUES (4289451,'zyx654_1',TIMESTAMP'2007-02-01 00:00:00.0',TIMESTAMP'2008-02-01 00:00:00.0');
INSERT INTO "works" ("per_id","job_code","start_date","end_date") 
VALUES (3861584,'zyx654_1',TIMESTAMP'2013-08-01 00:00:00.0',TIMESTAMP'2021-08-01 00:00:00.0');
INSERT INTO "works" ("per_id","job_code","start_date","end_date") 
VALUES (9129905,'fan444_4',TIMESTAMP'2011-07-01 00:00:00.0',TIMESTAMP'2022-07-01 00:00:00.0');
