INSERT INTO Pos(pos_code, title, description, pay_range_high, pay_range_low) 
VALUES ('p_an5288tyu334j91q', 'python data engineer', 'data engineer to build data pipelines and extend the next generation of data tools.', 121349,145475);

INSERT INTO Pos(pos_code, title, description, pay_range_high, pay_range_low) 
VALUES ('p_an99elkja334j91q', 'advanced gpu hardware lab technician', 'as an advanced gpu hardware development lab tech, you will assist in the deployment of lab infrastructure, lab networking, lab systems, sw tools, prototype systems set ups...', 95000,75000);

INSERT INTO Pos(pos_code, title, description, pay_range_high, pay_range_low) 
VALUES ('p_an99ew25jj22j671', 'sr. Data analyst', 'works with cross-functional teams and various stakeholders, including analytics,  engineering, and reporting/ business teams.', 108025,83079);

INSERT INTO Pos(pos_code, title, description, pay_range_high, pay_range_low) 
VALUES ('p_ana33m55jj22j671', 'mid-level .net developer', 'perform work within allotted hourly budgets and within specific timeframes and assist with requirements analysis.', 107139,89122);

INSERT INTO Pos(pos_code, title, description, pay_range_high, pay_range_low) 
VALUES ('p_ana33m55fg7juo11', 'manager - digital implementation', 'the manager, digital implementation role will work closely with the director, digital implementation and support to manage a team of implementation specialists who support client engagement projects.', 125000,105000);

INSERT INTO Pos(pos_code, title, description, pay_range_high, pay_range_low) 
VALUES ('p_ana33m48i4e3yt11', 'senior application architect', 'the senior application architect designs and develops it applications architecture solutions to business problems in alignment with the enterprise architecture direction and standards.', 140000,100000);

INSERT INTO Pos(pos_code, title, description, pay_range_high, pay_range_low) 
VALUES ('p_a1llj78ji4e3yt11', 'sr. Software developer', 'assisting with the development of scope documents and budgets for new work and perform work within allotted hourly budgets and within specific timeframes', 121462,105686);

INSERT INTO Pos(pos_code, title, description, pay_range_high, pay_range_low) 
VALUES ('p_a1f774ppi4e3yt11', 'it customer service administrator', 'perform information technology support to locations across the globe for federal government customer.', 45000,40000);

INSERT INTO Pos(pos_code, title, description, pay_range_high, pay_range_low) 
VALUES ('p_a1f774cde1buyt11', 'peoplesoft developer', 'function as advisors to developers and will develop hcm 9.2 pages, components, queries, interfaces as required per the pws task list.', 117819,94173);

INSERT INTO Pos(pos_code, title, description, pay_range_high, pay_range_low) 
VALUES ('p_a1b554cde1234f77', 'customer support engineer', 'in this role you will perform installations, repairs, and maintenance of complex scientific and analytical instrumentation.', 92000,49000);



INSERT INTO Person(per_id, first_name, last_name, address, zip_code, email, gender, phone) 
VALUES (1342585, 'ryan', 'anderson', '971 kent rd.', 48041, 'ryananderson@gmail.com', 'male', 6607213945);

INSERT INTO Person(per_id, first_name, last_name, address, zip_code, email, gender, phone) 
VALUES (8769034, 'hillary', 'harris', '4916 lime ave.', 34221, 'hharris24@gmail.com', 'female', 9952126671);

INSERT INTO Person(per_id, first_name, last_name, address, zip_code, email, gender, phone) 
VALUES (2487235, 'emily', 'holtz', '780 green meadows st.', 59901, 'eholtz@gmail.com', 'female', 6399118175);

INSERT INTO Person(per_id, first_name, last_name, address, zip_code, email, gender, phone) 
VALUES (5678910, 'daniel', 'radcliffe', '78 hogwarts rd.', 29063, 'dradcliffe@gmail.com', 'male', 8564758351);

INSERT INTO Person(per_id, first_name, last_name, address, zip_code, email, gender, phone) 
VALUES (1234567, 'brad', 'pitt', '1234 holy grove ave.', 18901, 'bpitt@gmail.com', 'male', 1234567890);




INSERT INTO Skill(sk_code, title, description, lvl) 
VALUES (00030, 'sql server', 'database servers in dbeaver', 'medium');

INSERT INTO Skill(sk_code, title, description, lvl) 
VALUES (00029, 'objective c', 'general-purpose, object-oriented programming language', 'advanced');

INSERT INTO Skill(sk_code, title, description, lvl) 
VALUES (00028, 'visual basic', ' programming environment from microsoft.', 'beginner');

INSERT INTO Skill(sk_code, title, description, lvl) 
VALUES (00027, '.net programming', 'open source developer platform for building many different types of applications.', 'medium');

INSERT INTO Skill(sk_code, title, description, lvl) 
VALUES (00026, 'python', 'interpreted, high-level, general-purpose programming language', 'beginner');

INSERT INTO Skill(sk_code, title, description, lvl) 
VALUES (00025, 'object-oriented programming', 'refers to a type of computer programming (software design) in which programmers define not only the data type of a data structure, but also the types of operations (functions) that can be applied to the data structure.', 'advanced');

INSERT INTO Skill(sk_code, title, description, lvl) 
VALUES (00024, 'extensible markup language (xml)', 'markup language that defines a set of rules for encoding documents in a format that is both human-readable and machine-readable.', 'medium');

INSERT INTO Skill(sk_code, title, description, lvl) 
VALUES (00023, 'graphical user interface(gui)', 'form of user interface that allows users to interact with electronic devices', 'advanced');

INSERT INTO Skill(sk_code, title, description, lvl) 
VALUES (00022, 'database software', 'software program used for creating, editing and maintaining database files and records.', 'medium');

INSERT INTO Skill(sk_code, title, description, lvl) 
VALUES (00021, 'adobe photoshop', 'an image editing software.', 'advanced');

INSERT INTO Skill(sk_code, title, description, lvl) 
VALUES (00020, 'android software development kit (sdk)', 'set of tools used to develop applications for android.', 'beginner');

INSERT INTO Skill(sk_code, title, description, lvl) 
VALUES (00019, 'eclipse', 'integrated development environment (ide) used in computer programming, and is the most widely used java ide', 'advanced');

INSERT INTO Skill(sk_code, title, description, lvl) 
VALUES (00018, 'json', 'readable format for structuring data.', 'medium');

INSERT INTO Skill(sk_code, title, description, lvl) 
VALUES (00017, 'mobile application design', 'apply ui and ux designs to mobile interfaces.', 'beginner');

INSERT INTO Skill(sk_code, title, description, lvl) 
VALUES (00016, 'node.js', 'environment that enables javascript user to delpy the language for server-side scripting', 'beginner');

INSERT INTO Skill(sk_code, title, description, lvl) 
VALUES (00015, 'oracle', 'relational database management system', 'advanced');

INSERT INTO Skill(sk_code, title, description, lvl) 
VALUES (00014, 'ruby on rails', 'language that combines ruby with html, css, and javascript.', 'beginner');

INSERT INTO Skill(sk_code, title, description, lvl) 
VALUES (00013, 'ruby', 'high level programming language.', 'beginner');

INSERT INTO Skill(sk_code, title, description, lvl) 
VALUES (00012, 'sql', 'computer language for relational database management', 'medium');

INSERT INTO Skill(sk_code, title, description, lvl) 
VALUES (00011,'user interface (ui) design', 'the visual elements of a product.', 'medium' );

INSERT INTO Skill(sk_code, title, description, lvl) 
VALUES (00010, 'usability testing', 'testing program or product in ther perspective of a potential user.', 'advanced');

INSERT INTO Skill(sk_code, title, description, lvl) 
VALUES (0009, 'unix', 'multi-user operating system written in c language', 'medium');

INSERT INTO Skill(sk_code, title, description, lvl) 
VALUES (0008, 'visual studio', 'microsoft integrated development environment to develop computer programs, websites, and web apps.', 'medium');

INSERT INTO Skill(sk_code, title, description, lvl) 
VALUES (0007, 'jquery', 'a javascript library used to simplify event handling', 'advanced');

INSERT INTO Skill(sk_code, title, description, lvl) 
VALUES (0006, 'javascript', 'computer programming languages used to code the client interaction aspect of web pages', 'medium');

INSERT INTO Skill(sk_code, title, description, lvl) 
VALUES (0005, 'java', 'object-oriented programming language', 'advanced' );

INSERT INTO Skill(sk_code, title, description, lvl) 
VALUES (0004, 'git', 'system that tracks updates in code during software development', 'advanced');

INSERT INTO Skill(sk_code, title, description, lvl) 
VALUES (0003, 'css', 'language used to describe the format ', 'medium');

INSERT INTO Skill(sk_code, title, description, lvl) 
VALUES (0002, 'angularjs', 'framework for web applications', 'medium');

INSERT INTO Skill(sk_code, title, description, lvl) 
VALUES (0001, 'c++', 'object-oriented programming language', 'advanced');


INSERT INTO Course(c_code, title, lvl, description, status, retail_price)
VALUES(4661, 'mobile application development', 'advanced', 'development of program applications for a current widely available mobile platform. Key concepts of applications programming for a mobile platform including the ui system, activity lifecycle, sensors, networking, threading, and application compatibility', 'expired', 100);

INSERT INTO Course(c_code, title, lvl, description, status, retail_price)
VALUES(4401, 'principles operating systems i', 'advanced', 'an intro to the organization of various types of operating systems; machine structure and the functions of an operating system; multiprogramming and time-sharing environments, etc.', 'active', 100);

INSERT INTO Course(c_code, title, lvl, description, status, retail_price)
VALUES(2125, 'data structures', 'medium', 'emphasis on the design and implementation of structured data objects such as lists, stacks, queues, trees, and graphs; storage allocation for structured data objects', 'expired', 100);

INSERT INTO Course(c_code, title, lvl, description, status, retail_price)
VALUES(4125, 'databases', 'advanced', 'methods, structures, and algorithms used for the organization, representation, and manipulation of large data bases; design and implementation of data base management systems', 'active',100);

INSERT INTO Course(c_code, title, lvl, description, status, retail_price)
VALUES(2450, 'assembly language programming', 'medium', 'assembly language programming and a survey of computer organization; structure of assemblers and loaders; introduction to operating systems.', 'expired', 100);

INSERT INTO Course(c_code, title, lvl, description, status, retail_price)
VALUES(3301, 'computer design and organization', 'medium', 'design of digital computer systems is studied from the instruction set level, system architecture level, and digital logic level.', 'expired', 100);

INSERT INTO Course(c_code, title, lvl, description, status, retail_price)
VALUES(2467, 'systems programming concepts', 'medium', 'introduction to the concepts and tools used in systems programming. Detailed examination of computer architecture and computer system services from a user point of view', 'expired', 100);

INSERT INTO Course(c_code, title, lvl, description, status, retail_price)
VALUES(4101, 'analysis of algorithms', 'advanced', 'precise definition of the concept of an algorithm; techniques for algorithm verification; analyzing algorithm performance; applications to practical algorithms', 'active', 100);

INSERT INTO Course(c_code, title, lvl, description, status, retail_price)
VALUES(2120, 'java ii: sofware design', 'beginner', 'a continuation of java i with emphasis on algorithmic techniques and the structuring of larger systems.', 'expired', 100);

INSERT INTO Course(c_code, title, lvl, description, status, retail_price)
VALUES(1583, 'java i: software design', 'beginner', 'an introduction to software design and development using an object-oriented approach. Topics include designing, specifying, implementing, and testing elementary classes; developing simple algorithms in an object-oriented programming language.', 'expired', 100);






INSERT INTO teaches(c_code, sk_code)
VALUES(4661, 00021);

INSERT INTO teaches(c_code, sk_code)
VALUES(4661, 00018);

INSERT INTO teaches(c_code, sk_code)
VALUES(4661, 0003);

INSERT INTO teaches(c_code, sk_code)
VALUES(4661, 0002);

INSERT INTO teaches(c_code, sk_code)
VALUES(4661, 00017);

INSERT INTO teaches(c_code, sk_code)
VALUES(4661, 00020);

INSERT INTO teaches(c_code, sk_code)
VALUES(4401, 00016);

INSERT INTO teaches(c_code, sk_code)
VALUES(4401, 00011);

INSERT INTO teaches(c_code, sk_code)
VALUES(4401, 00015);

INSERT INTO teaches(c_code, sk_code)
VALUES(4401, 00023);

INSERT INTO teaches(c_code, sk_code)
VALUES(2125, 00025);

INSERT INTO teaches(c_code, sk_code)
VALUES(2125, 0007);

INSERT INTO teaches(c_code, sk_code)
VALUES(2125, 0006);

INSERT INTO teaches(c_code, sk_code)
VALUES(2125, 0005);

INSERT INTO teaches(c_code, sk_code)
VALUES(4125, 00030);

INSERT INTO teaches(c_code, sk_code)
VALUES(4125, 00022);

INSERT INTO teaches(c_code, sk_code)
VALUES(4125, 00012);

INSERT INTO teaches(c_code, sk_code)
VALUES(2450, 00019);

INSERT INTO teaches(c_code, sk_code)
VALUES(2450, 00027);

INSERT INTO teaches(c_code, sk_code)
VALUES(2450, 0008);

INSERT INTO teaches(c_code, sk_code)
VALUES(3301, 00024);

INSERT INTO teaches(c_code, sk_code)
VALUES(3301, 00028);

INSERT INTO teaches(c_code, sk_code)
VALUES(3301, 00029);

INSERT INTO teaches(c_code, sk_code)
VALUES(2467, 00010);

INSERT INTO teaches(c_code, sk_code)
VALUES(2467, 0009 );

INSERT INTO teaches(c_code, sk_code)
VALUES(2467, 0001);

INSERT INTO teaches(c_code, sk_code)
VALUES(4101, 00026);

INSERT INTO teaches(c_code, sk_code)
VALUES(4101, 00014);

INSERT INTO teaches(c_code, sk_code)
VALUES(4101, 00013);

INSERT INTO teaches(c_code, sk_code)
VALUES(2120, 0005);

INSERT INTO teaches(c_code, sk_code)
VALUES(2120, 00023);

INSERT INTO teaches(c_code, sk_code)
VALUES(1583, 0004);

INSERT INTO teaches(c_code, sk_code)
VALUES(1583, 0005);



INSERT INTO Prerequisite(c_id, pre_id)
VALUES(4661, 2125);

INSERT INTO Prerequisite(c_id, pre_id)
VALUES(4401, 4101);

INSERT INTO Prerequisite(c_id, pre_id)
VALUES(2125, 2120);

INSERT INTO Prerequisite(c_id, pre_id)
VALUES(4125, 2125);

INSERT INTO Prerequisite(c_id, pre_id)
VALUES(2450, 1583);

INSERT INTO Prerequisite(c_id, pre_id)
VALUES(3301, 2450);

INSERT INTO Prerequisite(c_id, pre_id)
VALUES(2467, 2450);

INSERT INTO Prerequisite(c_id, pre_id)
VALUES(4101, 2125);

INSERT INTO Prerequisite(c_id, pre_id)
VALUES(2120, 1583);




INSERT INTO Sections(c_code, sec_no, complete_date, the_year, offered_by, format, price)
VALUES(4661, 601, 'may 14, 2021', 2021, 'samuel', 'classroom', 100);

INSERT INTO Sections(c_code, sec_no, complete_date, the_year, offered_by, format, price)
VALUES(4401, 601, 'may 14, 2021', 2021, 'vadrevu', 'classroom', 100);

INSERT INTO Sections(c_code, sec_no, complete_date, the_year, offered_by, format, price)
VALUES(2125, 601, 'may 11, 2018', 2018, 'summa', 'classroom', 100);

INSERT INTO Sections(c_code, sec_no, complete_date, the_year, offered_by, format, price)
VALUES(4125, 001, 'december 4, 2020', 2020, 'zibran', 'online-sync', 100);

INSERT INTO Sections(c_code, sec_no, complete_date, the_year, offered_by, format, price)
VALUES(2450, 001, 'december 12, 2018', 2018, 'arifuzzaman', 'classroom', 100);

INSERT INTO Sections(c_code, sec_no, complete_date, the_year, offered_by, format, price)
VALUES(3301, 001, 'december 12, 2018', 2018, 'hoque', 'classroom', 100);

INSERT INTO Sections(c_code, sec_no, complete_date, the_year, offered_by, format, price)
VALUES(2467, 001, 'may 11, 2020', 2020, 'toups', 'online-sync', 100);

INSERT INTO Sections(c_code, sec_no, complete_date, the_year, offered_by, format, price)
VALUES(4101, 001, 'december 4, 2020', 2020, 'depano', 'online-sync', 100);

INSERT INTO Sections(c_code, sec_no, complete_date, the_year, offered_by, format, price)
VALUES(2120, 601, 'december 7, 2018', 2018, 'summa', 'classroom', 100);

INSERT INTO Sections(c_code, sec_no, complete_date, the_year, offered_by, format, price)
VALUES(1583, 001, 'may 11, 2018', 2018, 'summa', 'classroom', 100);




INSERT INTO takes(per_id, c_code, sec_no, the_year)
VALUES(5678910, 2125, 601, 2018);

INSERT INTO takes(per_id, c_code, sec_no, the_year)
VALUES(5678910, 2467, 001, 2020);

INSERT INTO takes(per_id, c_code, sec_no, the_year)
VALUES(5678910, 2450, 001, 2018);

INSERT INTO takes(per_id, c_code, sec_no, the_year)
VALUES(1234567, 2125, 601, 2018);

INSERT INTO takes(per_id, c_code, sec_no, the_year)
VALUES(1234567, 4661, 601, 2021);

INSERT INTO takes(per_id, c_code, sec_no, the_year)
VALUES(1342585, 4125, 001, 2020);

INSERT INTO takes(per_id, c_code, sec_no, the_year)
VALUES(1342585, 2467, 001, 2020);

INSERT INTO takes(per_id, c_code, sec_no, the_year)
VALUES(1342585, 1583, 001, 2018);

INSERT INTO takes(per_id, c_code, sec_no, the_year)
VALUES(1342585, 4661, 601, 2021);

INSERT INTO takes(per_id, c_code, sec_no, the_year)
VALUES(8769034, 3301, 001, 2018);

INSERT INTO takes(per_id, c_code, sec_no, the_year)
VALUES(8769034, 1583, 001, 2018);

INSERT INTO takes(per_id, c_code, sec_no, the_year)
VALUES(2487235, 2125, 601, 2018);

INSERT INTO takes(per_id, c_code, sec_no, the_year)
VALUES(2487235, 4125, 001, 2020);

INSERT INTO takes(per_id, c_code, sec_no, the_year)
VALUES(2487235, 2450, 001, 2018);

INSERT INTO takes(per_id, c_code, sec_no, the_year)
VALUES(2487235, 4661, 601, 2021);




INSERT INTO Company(comp_id, address, zip_code, industry_group, website) 
VALUES (10104, '200 henry clay avenue', 70118, 'health care equipment & services','https://www.chnola.org');

INSERT INTO Company(comp_id, address, zip_code, industry_group, website) 
VALUES (10103, '11207 proverbs avenue', 70816, 'software & services', 'http://www.sparkhound.com');

INSERT INTO Company(comp_id, address, zip_code, industry_group, website) 
VALUES (10102, '601 loyola ave', 70113, 'consumer services', 'https://www.hyatt.com');

INSERT INTO Company(comp_id, address, zip_code, industry_group, website) 
VALUES (10101,'3813 n causeway blvd', 70002, 'software & services', 'https://antaresnet.com');

INSERT INTO Company(comp_id, address, zip_code, industry_group, website) 
VALUES (10100, '538 cajundome blvd', 70506, 'software & services', 'https://www.apple.com');




INSERT INTO offers(comp_id, c_code, sec_no, the_year)
VALUES(10104, 2450, 001, 2018);

INSERT INTO offers(comp_id, c_code, sec_no, the_year)
VALUES(10104, 3301, 001, 2018);

INSERT INTO offers(comp_id, c_code, sec_no, the_year)
VALUES(10103, 4125, 001, 2020);

INSERT INTO offers(comp_id, c_code, sec_no, the_year)
VALUES(10103, 2467, 001, 2020);

INSERT INTO offers(comp_id, c_code, sec_no, the_year)
VALUES(10102, 2125, 601, 2018);

INSERT INTO offers(comp_id, c_code, sec_no, the_year)
VALUES(10102, 4101, 001, 2020);

INSERT INTO offers(comp_id, c_code, sec_no, the_year)
VALUES(10101, 4401, 601, 2021 );

INSERT INTO offers(comp_id, c_code, sec_no, the_year)
VALUES(10101, 2120, 601, 2018);

INSERT INTO offers(comp_id, c_code, sec_no, the_year)
VALUES(10100, 4661, 601, 2021);

INSERT INTO offers(comp_id, c_code, sec_no, the_year)
VALUES(10100, 1583, 001, 2018);





INSERT INTO Customer(comp_id, contact_person, contact_email)
VALUES(10104, 'director of patient experience', 'chcomplaints@lcmchealth.org');

INSERT INTO Customer(comp_id, contact_person, contact_email)
VALUES(10103, 'sparkhound customer service', 'contact@sparkhound.com');

INSERT INTO Customer(comp_id, contact_person, contact_email)
VALUES(10102, 'hyatt customer service', 'consumeraffairs@hyatt.com');

INSERT INTO Customer(comp_id, contact_person, contact_email)
VALUES(10101, 'aci federal customer service', 'e.ateam@acifed.com' );

INSERT INTO Customer(comp_id, contact_person, contact_email)
VALUES(10100, 'apple support', ' support@apple.com');




INSERT INTO Supplier(comp_id, website, contact_email)
VALUES(10104, 'https://www.chnola.org', 'chcomplaints@lcmchealth.org');

INSERT INTO Supplier(comp_id, website, contact_email)
VALUES(10103, 'http://www.sparkhound.com', 'jason.lasseigne@sparkhound.com');

INSERT INTO Supplier(comp_id, website, contact_email)
VALUES(10102, 'https://www.hyatt.com', 'consumeraffairs@hyatt.com');

INSERT INTO Supplier(comp_id, website, contact_email)
VALUES(10101, 'https://acifed.com', 'e.ateam@acifed.com');

INSERT INTO Supplier(comp_id, website, contact_email)
VALUES(10100, 'https://www.apple.com', 'support@apple.com');




INSERT INTO Factory(fac_id, fac_name, address, zip_code, phone, manager)
VALUES(12405, 'biotech', '9331 birch hill drive', 70118 , 5044103831, 'alex morgan');

INSERT INTO Factory(fac_id, fac_name, address, zip_code, phone, manager)
VALUES(12404, 'sparkhound factory', '7102 yew street', 70403, 9857887652 , 'lebron james' );

INSERT INTO Factory(fac_id, fac_name, address, zip_code, phone, manager)
VALUES(12403, 'hyatt factory', '66 n. Bradford rd', 70150 , 5045611234, 'dwyane wade');

INSERT INTO Factory(fac_id, fac_name, address, zip_code, phone, manager)
VALUES(12402, 'aci federal factory', '4311 canes drive', 70117 , 5047887652 , 'lionel messi');

INSERT INTO Factory(fac_id, fac_name, address, zip_code, phone, manager) 
VALUES(12401, 'apple manufacturing', '1250 monolith road', 70113, 5046351023, 'ryan reynolds');




INSERT INTO Material(m_code, m_name, quantity, unit, min_level )
VALUES(01216, 'silver', 400, 500, 5);

INSERT INTO Material(m_code, m_name, quantity, unit, min_level )
VALUES(01215, 'platinum', 450, 400, 4);

INSERT INTO Material(m_code, m_name, quantity, unit, min_level )
VALUES(01214, 'gold', 500, 300, 3);

INSERT INTO Material(m_code, m_name, quantity, unit, min_level )
VALUES(01213, 'copper', 300, 200, 2);

INSERT INTO Material(m_code, m_name, quantity, unit, min_level )
VALUES(01212, 'plastic', 200, 100, 1);




INSERT INTO Product(p_code, p_name, description, quantity, unit, avg_cost)
VALUES(06666, 'ultrasound machine', 'machine for hospital use', 10, 20, 150);

INSERT INTO Product(p_code, p_name, description, quantity, unit, avg_cost)
VALUES(05555, 'lg ultrawide monitor', 'a display for gaming', 50, 30, 650 );

INSERT INTO Product(p_code, p_name, description, quantity, unit, avg_cost)
VALUES(04444, 'dell xps 13 laptop', 'a portable pc', 120, 120, 1000);

INSERT INTO Product(p_code, p_name, description, quantity, unit, avg_cost)
VALUES(03333, 'galaxy phone', 'brand of phone', 150, 60, 720 );

INSERT INTO Product(p_code, p_name, description, quantity, unit, avg_cost)
VALUES(02222, 'apple iphone 12', 'apple’s newest phone', 200, 155, 1100 );




INSERT INTO uses(m_code, p_code, quantity)
VALUES(01216, 06666, 40 );

INSERT INTO uses(m_code, p_code, quantity)
VALUES(01215, 05555, 25 );

INSERT INTO uses(m_code, p_code, quantity)
VALUES(01214, 04444, 100 );

INSERT INTO uses(m_code, p_code, quantity)
VALUES(01213, 03333, 75 );

INSERT INTO uses(m_code, p_code, quantity)
VALUES(01212, 02222, 50 );




INSERT INTO makes(fac_id, p_code, quantity) 
VALUES(12405, 06666, 500);

INSERT INTO makes(fac_id, p_code, quantity) 
VALUES(12404, 05555, 1000);

INSERT INTO makes(fac_id, p_code, quantity) 
VALUES(12403, 04444, 7000);

INSERT INTO makes(fac_id, p_code, quantity) 
VALUES(12402, 03333, 4000);

INSERT INTO makes(fac_id, p_code, quantity) 
VALUES(12401, 02222, 5000);




INSERT INTO Contract(contract_id, cus_id, the_date, sale_amount, pay_schedule)
VALUES(55550, 10104, '2018', 550, 'yearly');

INSERT INTO Contract(contract_id, cus_id, the_date, sale_amount, pay_schedule)
VALUES(44440, 10103, '2020', 350, 'yearly');

INSERT INTO Contract(contract_id, cus_id, the_date, sale_amount, pay_schedule)
VALUES(33330, 10102, '2020',  155, 'monthly');

INSERT INTO Contract(contract_id, cus_id, the_date, sale_amount, pay_schedule)
VALUES(22220, 10101, '2018', 640, 'monthly');

INSERT INTO Contract(contract_id, cus_id, the_date, sale_amount, pay_schedule)
VALUES(11110, 10100, '2020', 200, 'monthy');




INSERT INTO Job(job_code, emp_mode, pay_rate, pay_type, fac_id, pos_code, per_id) 
VALUES ('sun999_3', 'full-time', 110000, 'salary', 12404, 'p_a1llj78ji4e3yt11', 8769034);

INSERT INTO Job(job_code, emp_mode, pay_rate, pay_type, fac_id, pos_code, per_id) 
VALUES ('ali727_2', 'full-time', 60000, 'salary', 12403, 'p_a1b554cde1234f77', 1342585);

INSERT INTO Job(job_code, emp_mode, pay_rate, pay_type, fac_id, pos_code, per_id) 
VALUES ('zyx654_1', 'part-time', 40, 'wage', 12402, 'p_an99ew25jj22j671', 2487235);

INSERT INTO Job(job_code, emp_mode, pay_rate, pay_type, fac_id, pos_code, per_id) 
VALUES ('abc456_0', 'part-time', 45, 'wage', 12401, 'p_a1f774cde1buyt11', 1234567);

INSERT INTO Job(job_code, emp_mode, pay_rate, pay_type, fac_id, pos_code, per_id) 
VALUES ('fan444_4', 'full-time', 130000, 'salary', 12405, 'p_ana33m48i4e3yt11', 5678910);




INSERT INTO Purchase(purchase_num, acc_num, sup_order_num, purhcase_amount, book_date, pay_date, note)
VALUES(50505, 500005, 12349, 75, DATE '2018-11-01', DATE '2018-11-05', 'purchase made by supplier company');

INSERT INTO Purchase(purchase_num, acc_num, sup_order_num, purhcase_amount, book_date, pay_date, note)
VALUES(40404, 400004, 12348, 125, DATE '2020-02-08', DATE '2020-02-11', 'purchase made by supplier company');

INSERT INTO Purchase(purchase_num, acc_num, sup_order_num, purhcase_amount, book_date, pay_date, note)
VALUES(30303, 300003, 12347, 60, DATE '2020-01-11', DATE '2020-01-20', 'purchase made by supplier company' );

INSERT INTO Purchase(purchase_num, acc_num, sup_order_num, purhcase_amount, book_date, pay_date, note)
VALUES(20202, 200002, 12346, 150, DATE '2018-08-01', DATE '2018-08-05', 'purchase made by supplier company');

INSERT INTO Purchase(purchase_num, acc_num, sup_order_num, purhcase_amount, book_date, pay_date, note)
VALUES(10101, 100001, 12345,  100, DATE '2020-05-11', DATE '2020-05-25', 'purchase made by supplier company');




INSERT INTO Ordr(purchase_num, comp_id)
VALUES(50505, 10104);

INSERT INTO Ordr(purchase_num, comp_id)
VALUES(40404, 10103 );

INSERT INTO Ordr(purchase_num, comp_id)
VALUES(30303, 10102);

INSERT INTO Ordr(purchase_num, comp_id)
VALUES(20202, 10101);

INSERT INTO Ordr(purchase_num, comp_id)
VALUES(10101, 10100);




INSERT INTO LineItem(contract_id, p_code, quantity )
VALUES(55550, 06666, 5000);

INSERT INTO LineItem(contract_id, p_code, quantity )
VALUES(44440, 05555, 4000);

INSERT INTO LineItem(contract_id, p_code, quantity )
VALUES(33330, 04444, 3000);

INSERT INTO LineItem(contract_id, p_code, quantity )
VALUES(22220, 03333, 2000);

INSERT INTO LineItem(contract_id, p_code, quantity )
VALUES(11110, 02222, 1000);





INSERT INTO PurchaseLine(purchase_num, m_code, quantity)
VALUES(50505, 01216, 800 );

INSERT INTO PurchaseLine(purchase_num, m_code, quantity)
VALUES(40404, 01215, 700  );

INSERT INTO PurchaseLine(purchase_num, m_code, quantity)
VALUES(30303, 01214, 600 );

INSERT INTO PurchaseLine(purchase_num, m_code, quantity)
VALUES(20202, 01213, 500 );

INSERT INTO PurchaseLine(purchase_num, m_code, quantity)
VALUES(10101, 01212, 400 );



INSERT INTO req_by_job(job_code, sk_code)
VALUES('fan444_4', 00012);

INSERT INTO req_by_job(job_code, sk_code)
VALUES('fan444_4', 00010);

INSERT INTO req_by_job(job_code, sk_code)
VALUES('fan444_4', 0004);

INSERT INTO req_by_job(job_code, sk_code)
VALUES('fan444_4', 0003 );

INSERT INTO req_by_job(job_code, sk_code)
VALUES('sun999_3', 00029);

INSERT INTO req_by_job(job_code, sk_code)
VALUES('sun999_3', 0005);

INSERT INTO req_by_job(job_code, sk_code)
VALUES('ali727_2', 0007);

INSERT INTO req_by_job(job_code, sk_code)
VALUES('ali727_2', 00022);

INSERT INTO req_by_job(job_code, sk_code)
VALUES('ali727_2', 00018);

INSERT INTO req_by_job(job_code, sk_code)
VALUES('ali727_2', 00027);

INSERT INTO req_by_job(job_code, sk_code)
VALUES('ali727_2', 0002);

INSERT INTO req_by_job(job_code, sk_code)
VALUES('zyx654_1', 00025);

INSERT INTO req_by_job(job_code, sk_code)
VALUES('zyx654_1', 0009);

INSERT INTO req_by_job(job_code, sk_code)
VALUES('zyx654_1', 0008 );

INSERT INTO req_by_job(job_code, sk_code)
VALUES('abc456_0', 00025);

INSERT INTO req_by_job(job_code, sk_code)
VALUES('abc456_0', 00021);





INSERT INTO Has_Skill(per_id, sk_code)
VALUES(1342585, 00012);

INSERT INTO Has_Skill(per_id, sk_code)
VALUES(1342585, 00010);

INSERT INTO Has_Skill(per_id, sk_code)
VALUES(1342585, 0004);

INSERT INTO Has_Skill(per_id, sk_code)
VALUES(1342585, 0003);

INSERT INTO Has_Skill(per_id, sk_code)
VALUES(8769034, 00029);

INSERT INTO Has_Skill(per_id, sk_code)
VALUES(8769034, 0005);

INSERT INTO Has_Skill(per_id, sk_code)
VALUES(2487235, 0007);

INSERT INTO Has_Skill(per_id, sk_code)
VALUES(2487235, 00022);

INSERT INTO Has_Skill(per_id, sk_code)
VALUES(2487235, 00018);

INSERT INTO Has_Skill(per_id, sk_code)
VALUES(2487235, 00027);

INSERT INTO Has_Skill(per_id, sk_code)
VALUES(2487235, 0002);

INSERT INTO Has_Skill(per_id, sk_code)
VALUES(5678910, 00025);

INSERT INTO Has_Skill(per_id, sk_code)
VALUES(5678910, 0009);

INSERT INTO Has_Skill(per_id, sk_code)
VALUES(5678910, 0008);

INSERT INTO Has_Skill(per_id, sk_code)
VALUES(1234567, 00025);

INSERT INTO Has_Skill(per_id, sk_code)
VALUES(1234567, 00021);





INSERT INTO requires(pos_code, sk_code)
VALUES ('p_an99ew25jj22j671', 00012 );

INSERT INTO requires(pos_code, sk_code)
VALUES ('p_ana33m55jj22j671', 10 );

INSERT INTO requires(pos_code, sk_code)
VALUES ('p_ana33m55jj22j671', 4);

INSERT INTO requires(pos_code, sk_code)
VALUES ('p_ana33m55jj22j671', 3);

INSERT INTO requires(pos_code, sk_code)
VALUES ('p_ana33m55fg7juo11', 12 );

INSERT INTO requires(pos_code, sk_code)
VALUES ('p_ana33m55fg7juo11', 4);

INSERT INTO requires(pos_code, sk_code)
VALUES ('p_ana33m55fg7juo11', 30);

INSERT INTO requires(pos_code, sk_code)
VALUES ('p_ana33m55fg7juo11', 5);

INSERT INTO requires(pos_code, sk_code)
VALUES ('p_ana33m55fg7juo11', 6);

INSERT INTO requires(pos_code, sk_code)
VALUES ('p_ana33m48i4e3yt11', 7);

INSERT INTO requires(pos_code, sk_code)
VALUES ('p_ana33m48i4e3yt11', 8);

INSERT INTO requires(pos_code, sk_code)
VALUES ('p_ana33m48i4e3yt11', 9);

INSERT INTO requires(pos_code, sk_code)
VALUES ('p_a1llj78ji4e3yt11', 10);

INSERT INTO requires(pos_code, sk_code)
VALUES ('p_a1llj78ji4e3yt11', 11);

INSERT INTO requires(pos_code, sk_code)
VALUES ('p_a1llj78ji4e3yt11', 12);

INSERT INTO requires(pos_code, sk_code)
VALUES ('p_a1f774ppi4e3yt11', 29);

INSERT INTO requires(pos_code, sk_code)
VALUES ('p_a1f774ppi4e3yt11', 5);

INSERT INTO requires(pos_code, sk_code)
VALUES ('p_a1f774cde1buyt11', 16);

INSERT INTO requires(pos_code, sk_code)
VALUES ('p_a1f774cde1buyt11', 17);

INSERT INTO requires(pos_code, sk_code)
VALUES ('p_a1f774cde1buyt11', 18);

INSERT INTO requires(pos_code, sk_code)
VALUES ('p_a1b554cde1234f77', 19);

INSERT INTO requires(pos_code, sk_code)
VALUES ('p_a1b554cde1234f77', 20);

INSERT INTO requires(pos_code, sk_code)
VALUES ('p_ana33m55fg7juo11', 21);

INSERT INTO requires(pos_code, sk_code)
VALUES ('p_ana33m55fg7juo11', 7);

INSERT INTO requires(pos_code, sk_code)
VALUES ('p_an99ew25jj22j671', 22);

INSERT INTO requires(pos_code, sk_code)
VALUES ('p_an99ew25jj22j671', 18);

INSERT INTO requires(pos_code, sk_code)
VALUES ('p_an99ew25jj22j671', 27);

INSERT INTO requires(pos_code, sk_code)
VALUES ('p_an5288tyu334j91q', 2);

INSERT INTO requires(pos_code, sk_code)
VALUES ('p_an5288tyu334j91q', 25);

INSERT INTO requires(pos_code, sk_code)
VALUES ('p_an5288tyu334j91q', 9);

INSERT INTO requires(pos_code, sk_code)
VALUES ('p_an99elkja334j91q', 8 );

INSERT INTO requires(pos_code, sk_code)
VALUES ('p_an99elkja334j91q', 25);

INSERT INTO requires(pos_code, sk_code)
VALUES ('p_an99elkja334j91q', 21);